{
  "title": "Input schema for Kickstarter search actor",
  "type": "object",
  "schemaVersion": 1,
  "properties": {
      "query": {
          "title": "Query",
          "type": "string",
          "description": "What to search Kickstarter for",
          "editor": "textfield",
          "prefill": "Gadgets"
      },
      "maxResults": {
          "title": "Maximum results",
          "type": "integer",
          "description": "Limit number of results",
          "minimum": 0,
          "prefill": 50
      },
      "category": {
          "sectionCaption": "Possible filters",
          "title": "Category",
          "type": "string",
          "description": "Category to search in",
          "prefill": "All",
          "enum": [
              "All",
              "art",
              "art/ceramics",
              "art/conceptual art",
              "art/digital art",
              "art/illustration",
              "art/installations",
              "art/mixed media",
              "art/painting",
              "art/performance art",
              "art/public art",
              "art/sculpture",
              "art/textiles",
              "art/video art",
              "comics",
              "comics/anthologies",
              "comics/comic books",
              "comics/events",
              "comics/graphic novels",
              "comics/webcomics",
              "crafts",
              "crafts/candles",
              "crafts/crochet",
              "crafts/diy",
              "crafts/embroidery",
              "crafts/glass",
              "crafts/knitting",
              "crafts/pottery",
              "crafts/printing",
              "crafts/quilts",
              "crafts/stationery",
              "crafts/taxidermy",
              "crafts/weaving",
              "crafts/woodworking",
              "dance",
              "dance/performances",
              "dance/residencies",
              "dance/spaces",
              "dance/workshops",
              "design",
              "design/architecture",
              "design/civic design",
              "design/graphic design",
              "design/interactive design",
              "design/product design",
              "design/typography",
              "fashion",
              "fashion/accessories",
              "fashion/apparel",
              "fashion/childrenswear",
              "fashion/couture",
              "fashion/footwear",
              "fashion/jewelry",
              "fashion/pet fashion",
              "fashion/ready-to-wear",
              "film & video",
              "film & video/action",
              "film & video/animation",
              "film & video/comedy",
              "film & video/documentary",
              "film & video/drama",
              "film & video/experimental",
              "film & video/family",
              "film & video/fantasy",
              "film & video/festivals",
              "film & video/horror",
              "film & video/movie theaters",
              "film & video/music videos",
              "film & video/narrative film",
              "film & video/romance",
              "film & video/science fiction",
              "film & video/shorts",
              "film & video/television",
              "film & video/thrillers",
              "film & video/webseries",
              "food",
              "food/bacon",
              "food/community gardens",
              "food/cookbooks",
              "food/drinks",
              "food/events",
              "food/farmer's markets",
              "food/farms",
              "food/food trucks",
              "food/restaurants",
              "food/small batch",
              "food/spaces",
              "food/vegan",
              "games",
              "games/gaming hardware",
              "games/live games",
              "games/mobile games",
              "games/playing cards",
              "games/puzzles",
              "games/tabletop games",
              "games/video games",
              "journalism",
              "journalism/audio",
              "journalism/photo",
              "journalism/print",
              "journalism/video",
              "journalism/web",
              "music",
              "music/blues",
              "music/chiptune",
              "music/classical music",
              "music/comedy",
              "music/country & folk",
              "music/electronic music",
              "music/faith",
              "music/hip-hop",
              "music/indie rock",
              "music/jazz",
              "music/kids",
              "music/latin",
              "music/metal",
              "music/pop",
              "music/punk",
              "music/r&b",
              "music/rock",
              "music/world music",
              "photography",
              "photography/animals",
              "photography/fine art",
              "photography/nature",
              "photography/people",
              "photography/photobooks",
              "photography/places",
              "publishing",
              "publishing/academic",
              "publishing/anthologies",
              "publishing/art books",
              "publishing/calendars",
              "publishing/children's books",
              "publishing/comedy",
              "publishing/fiction",
              "publishing/letterpress",
              "publishing/literary journals",
              "publishing/nonfiction",
              "publishing/periodicals",
              "publishing/poetry",
              "publishing/radio & podcasts",
              "publishing/translations",
              "publishing/young adult",
              "publishing/zines",
              "publishing/literary spaces",
              "technology",
              "technology/3d printing",
              "technology/apps",
              "technology/camera equipment",
              "technology/diy electronics",
              "technology/fabrication tools",
              "technology/flight",
              "technology/gadgets",
              "technology/hardware",
              "technology/makerspaces",
              "technology/robots",
              "technology/software",
              "technology/sound",
              "technology/space exploration",
              "technology/wearables",
              "technology/web",
              "theater",
              "theater/comedy",
              "theater/experimental",
              "theater/festivals",
              "theater/immersive",
              "theater/musical",
              "theater/plays",
              "theater/spaces"
          ],
          "editor": "select"
      },
      "location": {
          "title": "Location",
          "type": "string",
          "description": "Location where you want to search",
          "prefill": "United States",
          "editor": "textfield"
      },
      "status": {
          "title": "Status",
          "type": "string",
          "description": "Status of the project",
          "default": "All",
          "enum": ["All", "Live", "Successful"],
          "editor": "select"
      },
      "pledged": {
          "title": "Amount pledged",
          "type": "string",
          "description": "Amount pledged",
          "default": "All",
          "enum": ["All", "< $1,000 pledged", "$1,000 to $10,000 pledged", "$10,000 to $100,000 pledged", "$100,000 to $1,000,000 pledged", "> $1,000,000 pledged"],
          "editor": "select"
      },
      "goal": {
          "title": "Goal",
          "type": "string",
          "description": "Goal",
          "default": "All",
          "enum": ["All", "< $1,000 goal", "$1,000 to $10,000 goal", "$10,000 to $100,000 goal", "$100,000 to $1,000,000 goal", "> $1,000,000 goal"],
          "editor": "select"
      },
      "raised": {
          "title": "% Raised",
          "type": "string",
          "description": "% Raised",
          "default": "All",
          "enum": ["All", "< 75% raised", "75% to 100% raised", "> 100% raised"],
          "editor": "select"
      },
      "sort": {
          "title": "Sort",
          "type": "string",
          "description": "Allows you to change the ",
          "default": "newest",
          "prefill": "newest",
          "enum": ["newest", "popularity", "end_date", "most_funded", "most_backed"],
          "editor": "select"
      },
      "datasetName": {
          "title": "Dataset name",
          "type": "string",
          "description": "Use this if you want the data to be written into named dataset, setting this will overwrite the data with each run",
          "default": "",
          "editor": "textfield",
          "sectionCaption": "Advanced options"
      },
      "proxyConfig": {
          "title": "Proxy configuration",
          "type": "object",
          "description": "Proxy group to use",
          "default": {
              "useApifyProxy": true
          },
          "prefill": {
              "useApifyProxy": true
          },
          "editor": "proxy"
      }
  },
  "required": [
      "proxyConfig"
  ]
}
